timestamp,product_dropdown,description,product_name,benefits,key_message,gender,generation,psychotype,business_stage,industry,opf,chosen_approach,comment,model,prompt,final_prompt,sms,comment_sms,corrected_sms
1737541667.7300334,зарплатный проект,"Зарплатный проект для предпринимателей. Позволяет зачислять зарплату, отпускные, компенсации и другие виды выплат сотрудникам и самозанятым в любой день. Подключение в интернет-банке СберБизнес.",зарплатный проект,"Разные виды зачислений.

Можно зачислять в выходные и праздники.

Выплаты — одним реестром.

Срок зачисления — от 1 минуты.

Подключение без визита в банк.",Зачисление зарплаты сотрудникам в любой день.,Мужской,,,,,,Указание на пользу,SMS для данных параметров персонализации ОТСУТСТВУЕТ в базе,GigaChat-Max (T=0.8),"Напиши три или четыре предложения суммарной длиной от 160 до 250 знаков с учетом пробелов. Начни SMS с указания на пользу продукта. Используй глагол в побудительном наклонении. Не начинай с вопроса. 
Напиши рекламное SMS для следующего продукта:
«Зарплатный проект для предпринимателей. Позволяет зачислять зарплату, отпускные, компенсации и другие виды выплат сотрудникам и самозанятым в любой день. Подключение в интернет-банке СберБизнес.».
Не изменяй название продукта: «зарплатный проект».
Преимущества:
«Разные виды зачислений.

Можно зачислять в выходные и праздники.

Выплаты — одним реестром.

Срок зачисления — от 1 минуты.

Подключение без визита в банк.».
ОБЯЗАТЕЛЬНО включи в SMS:
1. контроль, управлять, экономия, стратегический, обеспечить.
Убедись, что написал не меньше трех и не больше четырех предложений суммарной длиной от 160 до 250 знаков с учетом пробелов.
Убедись, что SMS начинается с указания на пользу продукта и использования глагола в побудительном наклонении и не начинается с вопроса.
Убедись, что в SMS без изменений, синонимов и перестановок слов используется наименование продукта: «зарплатный проект».
Убедись, что в SMS есть следующая ключевая информация: «Зачисление зарплаты сотрудникам в любой день.».","Напиши три или четыре предложения суммарной длиной от 160 до 250 знаков с учетом пробелов. Начни SMS с указания на пользу продукта. Используй глагол в побудительном наклонении. Не начинай с вопроса. Напиши рекламное SMS для следующего продукта:
«Зарплатный проект для предпринимателей. Позволяет зачислять зарплату, отпускные, компенсации и другие виды выплат сотрудникам и самозанятым в любой день. Подключение в интернет-банке СберБизнес.».
Не изменяй название продукта: «зарплатный проект».
Преимущества:
«Разные виды зачислений. Можно зачислять в выходные и праздники. Выплаты — одним реестром. Срок зачисления — от 1 минуты. Подключение без визита в банк.».
ОБЯЗАТЕЛЬНО включи в SMS:
1. контроль, управлять, экономия, стратегический, обеспечить.
Убедись, что написал не меньше трех и не больше четырех предложений суммарной длиной от 160 до 250 знаков с учетом пробелов.
Убедись, что SMS начинается с указания на пользу продукта и использования глагола в побудительном наклонении и не начинается с вопроса.
Убедись, что в SMS без изменений, синонимов и перестановок слов используется наименование продукта: «зарплатный проект».
Убедись, что в SMS есть следующая ключевая информация: «Зачисление зарплаты сотрудникам в любой день.».","Управляйте зарплатным проектом эффективно! Зачисляйте зарплату сотрудникам в любой день, даже в выходные и праздники. Экономьте время благодаря быстрым выплатам — всего за 1 минуту. Подключайтесь онлайн через СберБизнес!

------
Количество знаков: 220",,
